,Cu,Mn,Other,Si,C,Cr,Mo,Ni,P,S,V,N,Fe,Nb,Ti,W,Nb+Ta,B,Al,Co,Zn,Zr,Mg,Be,Ag,Sn,Ni+Co
0,0.5,0.85,0.5,2.875,,,,,,,,,,,,,,,,,,,,,,,
1,,0.7,,0.5,0.4,17.0,1.1,0.5,,,,,,,,,,,,,,,,,,,
2,,0.65,,0.45,0.08,,,,,,,,,,,,,,,,,,,,,,
3,,1.9,,0.5,0.09,,0.4,,0.025,0.02,,,,,,,,,,,,,,,,,
4,,1.3,,0.35,0.05,0.35,0.33,2.0,0.025,0.025,,,,,,,,,,,,,,,,,
5,,1.5,,0.375,0.06,0.35,0.35,2.05,0.025,0.025,0.25,,,,,,,,,,,,,,,,
6,,1.6,,0.4,0.06,0.75,0.6,2.4,,,,,,,,,,,,,,,,,,,
7,,1.65,,0.5,0.07,0.9,0.85,2.6,,,,,,,,,,,,,,,,,,,
8,,1.6,,0.5,0.025,23.0,3.0,9.0,,,,0.14,,,,,,,,,,,,,,,
9,,1.6,,0.5,0.025,23.0,3.0,9.0,,,,0.14,,,,,,,,,,,,,,,
10,,1.7,,1.1,0.45,26.0,,35.0,,,,,34.400000000000006,1.35,,,,,,,,,,,,,
11,,1.0,,0.9,0.4,26.0,,35.0,,,,,35.25999999999999,1.35,0.09,,,,,,,,,,,,
12,,1.2,,0.6,0.025,25.0,3.7,9.0,,,,0.2,,,,0.4,,,,,,,,,,,
13,,1.2,,0.6,0.025,25.0,3.7,9.0,,,,0.2,,,,0.4,,,,,,,,,,,
14,,6.5,,0.8,0.12,18.5,,8.5,0.025,0.025,,,,,,,,,,,,,,,,,
15,,6.5,,1.0,0.12,18.5,,8.5,,,,,,,,,,,,,,,,,,,
16,,1.75,,0.475,0.03,20.75,0.75,10.0,0.03,0.03,,,,,,,,,,,,,,,,,
17,,1.75,,0.825,0.03,20.75,0.75,10.0,0.03,0.03,,,,,,,,,,,,,,,,,
18,,1.75,,0.825,0.03,20.75,0.75,10.0,0.03,0.03,,,,,,,,,,,,,,,,,
19,0.75,1.75,,0.475,0.06,20.75,0.5,10.0,0.03,0.03,,,,,,,,,,,,,,,,,
20,0.75,1.75,,0.475,0.06,20.75,0.5,10.0,0.03,0.03,,,,,,,,,,,,,,,,,
21,,1.75,,0.5,0.12,24.0,,13.0,,,,,,,,,,,,,,,,,,,
22,0.75,1.75,,0.475,0.03,24.0,2.5,13.0,0.03,0.03,,,,,,,,,,,,,,,,,
23,0.75,1.75,,0.825,0.03,24.0,0.75,13.0,0.03,0.03,,,,,,,,,,,,,,,,,
24,0.75,1.75,,0.475,0.03,24.0,2.5,13.0,0.03,0.03,,,,,,,,,,,,,,,,,
25,,2.0,,0.9,0.03,24.0,,13.0,,,,,,,,,,,,,,,,,,,
26,0.3,1.8,,0.5,0.1,26.0,0.3,21.0,,,,,,,,,,,,,,,,,,,
27,,22.0,,25.0,4.5,,,,2.1,0.13,,,,,,,,,,,,,,,,,
28,,1.75,,0.5,0.1,23.0,2.5,20.0,,,,,,,,,,,,,,,,,,,
29,0.3,1.8,,0.5,0.1,26.0,0.3,21.0,,,,,,,,,,,,,,,,,,,
30,,24.0,,1.6,0.2,,,,20.0,,,,,,,,,,,,,,,,,,
31,0.75,1.75,,0.475,0.15,30.0,0.75,9.25,0.03,0.03,,,,,,,,,,,,,,,,,
32,0.75,1.75,,0.475,0.15,30.0,0.75,9.25,0.03,0.03,,,,,,,,,,,,,,,,,
33,,1.5,,0.75,0.035,17.0,2.5,12.5,0.045,0.03,,,,,,,,,,,,,,,,,
34,,1.75,,0.475,0.03,19.0,2.5,12.5,0.03,0.03,,,,,,,,,,,,,,,,,
35,,1.7,,0.8,0.02,18.8,2.6,12.5,,,,,,,,,,,,,,,,,,,
36,,1.7,,0.8,0.02,18.8,2.6,12.5,,,,,,,,,,,,,,,,,,,
37,0.3,1.75,,0.475,0.06,19.0,2.5,12.5,0.03,0.02,,,,,,,,,,,,,,,,,
38,0.03,1.75,,0.475,0.06,19.0,2.5,12.5,0.03,0.02,,,,,,,,,,,,,,,,,
39,,7.25,,0.45,0.0225,20.25,3.0,15.75,,,,0.16499999999999998,,,,,,,,,,,,,,,
40,,7.25,,0.45,0.0225,20.25,3.0,15.75,,,,0.16499999999999998,,,,,,,,,,,,,,,
41,,3.5,,0.3,0.03,18.5,4.5,13.5,,,,0.12,,,,,,,,,,,,,,,
42,,3.5,,0.3,0.03,18.5,4.5,13.5,,,,0.12,,,,,,,,,,,,,,,
43,,1.5,,0.8,0.05,19.0,2.8,13.0,,,,,,12.0,,,,,,,,,,,,,
44,,1.5,,0.8,0.05,19.0,2.8,13.0,,,,,,12.0,,,,,,,,,,,,,
45,,,,,,,,,,,,,,,,,,,,,,,,,,,
46,,1.75,,0.6,0.1,25.5,,5.0,,,,,,,,,,,,,,,,,,,
47,,1.75,,0.6,0.1,25.5,,5.0,,,,,,,,,,,,,,,,,,,
48,,1.9,,0.7,0.04,19.5,,10.0,,,,,,,,,12.0,,,,,,,,,,
49,,1.9,,0.7,0.04,19.5,,10.0,,,,,,,,,12.0,,,,,,,,,,
50,,0.8,,1.4,0.42,35.0,,45.0,,,,,16.189999999999984,1.1,0.09,,,,,,,,,,,,
51,,0.8,,1.4,0.42,35.0,,45.0,,,,,16.189999999999984,1.1,0.09,,,,,,,,,,,,
52,,0.7,,,0.1,13.0,,,,,,,86.2,,,,,,,,,,,,,,
53,,0.7,,,0.1,17.0,1.0,0.5,,,,,,,,,,,,,,,,,,,
54,0.04,0.8,,1.0,0.08,12.0,0.5,0.6,0.04,0.03,,,,0.075,,,,,,,,,,,,,
55,0.4,0.6,,0.5,0.12,12.75,0.75,0.6,,,,,,,,,,,,,,,,,,,
56,,0.7,,0.8,0.03,13.0,0.5,4.7,,,,,,,,,,,,,,,,,,,
57,,0.7,,0.8,0.03,13.0,0.5,4.7,,,,,,,,,,,,,,,,,,,
58,0.4,0.6,,0.5,0.12,12.75,0.75,0.6,,,,,,,,,,,,,,,,,,,
59,,0.7,,0.4,0.18,16.5,1.15,0.15,,,,,,,,,,,,,,,,,,,
60,,0.35,,0.3,0.38,17.0,1.0,0.3,,,,,80.67,,,,,,,,,,,,,,
61,,,,0.3,0.3,1.0,0.2,,,,,,,,,,,,,,,,,,,,
62,,0.7,,0.8,0.07,17.5,,,,,,,,,,,,,,,,,,,,,
63,,0.4,,0.4,0.03,18.0,0.5,0.5,,,,,,0.5,,,,,,,,,,,,,
64,0.5,0.8,,0.5,0.03,18.5,0.5,0.5,0.03,0.015,,,,0.5,0.4,,,,,,,,,,,,
65,,0.6,,1.0,0.08,17.5,,,,,,,,,0.5,,,,,,,,,,,,
66,,0.75,,1.0,0.05,19.0,,10.0,,,,,,,,,,,,,,,,,,,
67,,1.25,,0.9,3.0,19.0,,10.0,,,,,,,,,,,,,,,,,,,
68,,0.7,,0.9,4.0,23.0,,13.0,,,,,58.4,,,,,,,,,,,,,,
69,,1.25,,,3.0,22.0,,12.0,,,,,61.75,,,,,,,,,,,,,,
70,,6.0,,1.1,0.1,18.0,,8.0,,,,,66.8,,,,,,,,,,,,,,
71,,6.0,,0.7,0.15,17.5,,8.0,,,,,67.65,,,,,,,,,,,,,,
72,,6.0,,0.7,0.1,18.0,,8.0,,,,,67.19999999999999,,,,,,,,,,,,,,
73,,1.25,,1.0,0.06,19.0,2.75,12.0,,,,,,,,,,,,,,,,,,,
74,,1.25,,0.7,0.025,19.0,2.75,12.0,,,,,64.275,,,,,,,,,,,,,,
75,,1.25,,0.6,0.03,19.0,2.75,12.0,,,,,64.37,,,,,,,,,,,,,,
76,,3.5,,0.8,0.03,18.0,4.5,17.5,,,,0.12,55.55,,,,,,,,,,,,,,
77,,3.25,,0.9,0.03,19.0,2.8,15.25,,,,,58.77,,,,,,,,,,,,,,
78,0.65,1.1,,0.8,0.02,25.0,3.0,9.0,,,,0.16499999999999998,59.665000000000006,,,0.6,,,,,,,,,,,
79,,1.1,,0.35,0.03,22.0,3.05,9.5,,,,0.15,,,,,,,,,,,,,,,
80,0.7,1.2,,0.5,0.04,25.0,3.8,9.0,,,,0.2,58.76,,,0.8,,,,,,,,,,,
81,1.5,1.5,,0.5,0.03,20.0,4.5,25.0,,,,,46.97,,,,,,,,,,,,,,
82,,0.8,,0.8,0.03,19.0,,10.0,,,,,,10.0,,,,,,,,,,,,,
83,,0.8,,0.8,0.03,19.0,2.75,12.0,,,,,,10.0,,,,,,,,,,,,,
84,,0.7,,1.0,0.06,25.0,,4.7,,,,,,,,,,,,,,,,,,,
85,,0.8,,0.7,3.0,23.0,3.0,12.0,,,,,,,,,,,,,,,,,,,
86,,,,,0.25,25.0,,24.0,,,,,49.7,1.05,,,,,,,,,,,,,
87,,2.75,,0.6,0.1,24.5,,20.0,,,,,52.05,,,,,,,,,,,,,,
88,,2.9,,0.5,0.1,25.0,,20.0,,,,,,,,,,,,,,,,,,,
89,,4.5,,0.3,0.15,22.0,,33.5,,,,,38.5,1.05,,,,,,,,,,,,,
90,,1.0,,0.9,0.4,26.0,,35.0,,,,,,1.35,,,,,,,,,,,,,
91,,0.95045,,1.0,0.1,22.0,0.1,11.0,,,,0.1,64.74955,,,,,,,,,,,,,,
92,,0.6,,0.2,0.12,,,,,,,,,,,,,,,,,,,,,,
93,,0.6,,0.4,0.08,,,,,,,,,,,,,,,,,,,,,,
94,,0.5,,0.2,0.1,,,,,,,,,,,,,,,,,,,,,,
95,,0.5,,0.3,0.08,,,,,,,,,,,,,,,,,,,,,,
96,,0.6,,0.45,0.08,,,,,,,,,,,,,,,,,,,,,,
97,,0.42,,0.27,0.03,,,,0.015,0.012,,,,,,,,,,,,,,,,,
98,,0.4,,0.15,0.1,,0.5,,,,,,,,,,,,,,,,,,,,
99,,1.0,,0.65,0.05,,,,,,,,,,,,,,,,,,,,,,
100,,0.8,,0.5,0.1,,0.5,,,,,,,,,,,,,,,,,,,,
101,,1.0,,0.6,0.08,,,,0.015,0.015,,,,,,,,,,,,,,,,,
102,,0.55,,0.25,0.08,,,,,,,,,,,,,,,,,,,,,,
103,,0.75,,0.3,0.08,,,,,,,,,,,,,,,,,,,,,,
104,,1.0,,0.3,0.07,,,,0.025,0.025,,,,,,,,,,,,,,,,,
105,,0.95,,0.6,0.06,1.1,0.5,,,,,,,,,,,,,,,,,,,,
106,,1.0,,0.5,0.05,,,2.3,,,,,,,,,,,,,,,,,,,
107,,0.9,,0.3,0.1,,,3.5,0.025,0.025,,,,,,,,,,,,,,,,,
108,,1.3,,0.5,0.07,,,0.9,,,,,,,,,,,,,,,,,,,
109,,0.8,,0.35,0.1,9.0,1.0,0.7,,,0.2,0.04,,0.05,,,,,,,,,,,,,
110,,0.6,,0.35,0.06,9.0,0.9,0.9,,,0.2,,,,,0.2,,,,,,,,,,,
111,,0.9,,0.6,0.06,2.4,1.0,,,,,,,,,,,,,,,,,,,,
112,,0.9,,0.3,0.09,9.0,0.9,0.4,,,0.2,,,0.06,,,,,,,,,,,,,
113,,0.9,,0.3,0.1,9.0,0.9,0.4,,,0.2,,,0.05,,1.0,,,,,,,,,,,
114,,1.6,,0.4,0.06,,0.3,1.0,0.025,0.025,,,,,,,,,,,,,,,,,
115,1.6,2.05,,0.35,0.019,20.5,4.6,25.1,0.014,0.015,,0.04,,,,,,,,,,,,,,,
116,1.6,2.05,,0.35,0.019,20.5,4.6,25.1,0.014,0.015,,0.04,,,,,,,,,,,,,,,
117,,1.26,,0.45,0.03,24.6,,7.9,0.02,0.003,,0.13,,,,,,,,,,,,,,,
118,,1.4,,0.8,0.03,23.0,3.3,9.5,0.02,0.008,,0.14,,,,,,,,,,,,,,,
119,,1.4,,0.6,0.03,23.0,3.2,9.8,0.02,0.008,,0.15,,,,,,,,,,,,,,,
120,,1.4,,0.8,0.03,23.0,3.3,9.5,0.02,0.008,,0.14,,,,,,,,,,,,,,,
121,,0.82,,0.54,0.03,22.49,3.43,9.35,0.015,0.003,,0.15,,,,,,,,,,,,,,,
122,0.031,1.18,,0.5,0.026,25.7,3.79,9.6,,,,0.24,,0.016,,0.1,,,,,,,,,,,
123,,6.7,,0.7,0.1,18.5,,8.8,,,,,,,,,,,,,,,,,,,
124,,6.3,,0.7,0.1,18.8,,9.0,,,,,,,,,,,,,,,,,,,
125,,1.4,,0.7,0.03,20.0,,10.5,0.02,0.008,,0.014,,,,,,,,,,,,,,,
126,,1.4,,0.88,0.06,20.5,,10.5,0.019,0.008,,,,,,,,,,,,,,,,,
127,,1.4,,0.7,0.025,20.0,,10.5,0.02,0.008,,,,,,,,,,,,,,,,,
128,,1.3,,0.7,0.03,23.5,0.1,12.5,0.018,0.005,,,,,,,,,,,,,,,,,
129,,1.4,,0.7,0.02,23.2,2.3,12.7,0.018,0.007,,,,,,,,,,,,,,,,,
130,,0.9,,0.55,0.025,23.0,2.3,12.0,,,,,,,,,,,,,,,,,,,
131,,1.4,,0.7,0.03,23.0,,12.5,0.02,0.08,,,,0.8,,,,,,,,,,,,,
132,,1.3,,0.7,0.03,23.5,0.1,12.5,0.0018,0.005,,,,,,,,,,,,,,,,,
133,,2.1,,0.58,0.18,25.5,,20.36,,,,,,,,,,,,,,,,,,,
134,,1.2,,0.6,0.12,29.5,,9.5,,,,,,,,,,,,,,,,,,,
135,,1.4,,0.7,0.03,18.5,2.55,12.5,,,,,,,,,,,,,,,,,,,
136,,1.6,,0.9,0.02,18.9,2.3,12.5,,,,,,,,,,,,,,,,,,,
137,,1.4,,0.7,0.03,18.5,2.55,12.5,,,,,,,,,,,,,,,,,,,
138,,,,,,,,,,,,,,,,,,,,,,,,,,,
139,,1.3,,0.5,0.02,18.5,2.8,11.6,0.02,0.012,,,,0.4,,,,,,,,,,,,,
140,,1.6,,0.8,0.02,19.0,,10.2,0.021,0.004,,,,,,,0.7,,,,,,,,,,
141,,1.3,,0.6,0.03,18.7,,10.4,,,,,,0.6,,,,,,,,,,,,,
142,,,,,,,,,,,,,,,,,,,,,,,,,,,
143,,0.9,,0.9,0.05,13.5,0.75,4.5,,,,,79.4,,,,,,,,,,,,,,
144,,0.7,,0.8,0.08,25.0,,4.0,0.02,0.008,,,,,,,,,,,,,,,,,
145,,2.0,,0.6,2.5,11.5,,,,,,,,5.0,,,,2.2,,,,,,,,,
146,1.34,1.56,,0.66,0.03,20.9,4.8,25.3,0.024,0.003,,0.13,,,,,,,,,,,,,,,
147,0.05,1.0,,0.3,0.1,9.0,1.0,0.3,0.01,0.008,0.2,0.05,,0.05,,,,,0.03,,,,,,,,
148,,1.4,,0.4,0.05,,,,0.015,0.015,,,,,,,,,,,,,,,,,
149,0.12,1.55,,0.5,0.085,0.02,,0.97,0.011,0.007,,,,,,,,,,,,,,,,,
150,,1.6,,0.4,0.05,0.5,0.5,2.2,0.015,0.015,,,,,,,,,,,,,,,,,
151,,1.3,,0.6,0.07,1.2,1.0,2.3,0.015,0.015,,,,,,,,,,,,,,,,,
152,,1.1,,0.3,0.07,1.1,0.5,,0.012,0.012,,,,,,,,,,,,,,,,,
153,,1.0,,0.3,0.07,2.3,1.1,,0.015,0.015,,,,,,,,,,,,,,,,,
154,,1.4,,0.3,0.05,,0.5,,0.015,0.015,,,,,,,,,,,,,,,,,
155,0.06,0.74,,0.16,0.018,15.5,15.9,57.5,,,,,6.02,,,3.6,,,,,,,,,,,
156,,0.45,,0.3,0.15,15.0,4.0,0.6,,,,,64.5,,,,,,,15.0,,,,,,,
157,,0.4,,0.7,0.1,15.0,3.2,,,,,,,,,,,,,14.0,,,,,,,
158,1.0,0.5,,,,,,0.35,,,,,3.6,,,,,,12.5,,,,,,,,
159,1.0,,,,0.2,,,,,,,,4.0,,,,,,13.5,,,,,,,,
160,,4.5,,0.6,0.7,,,60.199999999999996,,,,,34.0,,,,,,,,,,,,,,
161,,0.6,,0.4,0.06,0.6,0.1,,,,6.0,,92.24,,,,,,,,,,,,,,
162,,1.5,,0.6,0.12,5.5,0.5,,,,,,,,,,,,,,,,,,,,
163,,1.45,,0.55,0.05,,,,0.011,0.01,,,,,,,,,,,,,,,,,
164,,1.4,,0.575,0.1,,,,0.015,0.015,,,,,,,,,,,,,,,,,
165,,0.46,,0.3,0.02,11.9,0.6,4.3,,,,,82.42,,,,,,,,,,,,,,
166,,1.5,,0.7,0.05,,,,0.015,0.015,,,,,,,,,,,,,,,,,
167,,1.45,,0.63,0.05,,,,0.011,0.01,,,,,,,,,,,,,,,,,
168,,1.3,,0.7,0.05,,,0.9,0.015,0.015,,,,,,,,,,,,,,,,,
169,,1.4,,0.6,0.05,,,2.2,0.01,0.01,,,,,,,,,,,,,,,,,
170,,1.5,,0.6,0.5,6.0,0.9,,,,,,,,,,,,,,,,,,,,
171,,1.7,,0.6,0.06,,0.4,0.95,0.015,0.015,,,,,,,,,,,,,,,,,
172,,1.6,,0.4,0.05,0.5,0.5,2.2,0.015,0.015,,,,,,,,,,,,,,,,,
173,,1.5,,0.5,0.07,0.55,0.6,2.7,0.015,0.015,,,,,,,,,,,,,,,,,
174,,1.4,,0.3,0.05,1.1,0.5,,0.015,0.015,,,,,,,,,,,,,,,,,
175,,1.0,,0.3,0.07,2.3,1.1,,0.015,0.015,,,,,,,,,,,,,,,,,
176,,1.3,,0.7,0.05,,0.5,,0.015,0.015,,,,,,,,,,,,,,,,,
177,,16.0,,0.4,0.4,14.0,0.6,1.2,,,0.2,,67.2,,,,,,,,,,,,,,
178,,3.2,,0.3,0.045,21.0,,70.0,,,,,2.1,,0.3,,2.7,,,,,,,,,,
179,,6.0,,0.3,0.01,17.0,,68.99,,,,,6.0,1.7,,,,,,,,,,,,,
180,,0.41,,0.36,0.03,21.6,9.1,60.8,,,,,4.1,,,,3.4,,,,,,,,,,
181,,0.4,,0.3,0.025,21.0,9.0,65.475,,,,,0.4,3.4,,,,,,,,,,,,,
182,,,,4.2,0.75,13.5,,73.55,,,,,5.0,,,,,3.0,,,,,,,,,
183,,,,4.5,0.35,22.0,,64.55,,,,,5.0,,,2.0,,1.6,,,,,,,,,
184,,2.45,,0.45,0.1,,,36.0,,,,,61.0,,,,,,,,,,,,,,
185,0.45,1.3,,0.5,0.05,,,1.1,0.015,0.015,,,,,,,,,,,,,,,,,
186,,1.22,,0.48,0.05,,,,0.013,0.009,,,,,,,,,,,,,,,,,
187,,1.3,,0.5,0.08,,,,0.015,0.015,,,,,,,,,,,,,,,,,
188,,1.3,,0.5,0.05,,,,0.015,0.015,,,,,,,,,,,,,,,,,
189,,1.3,,0.5,0.05,,,0.8,0.015,0.015,,,,,,,,,,,,,,,,,
190,,1.15,,0.3,0.06,,,1.41,0.009,0.007,,,,,,,,,,,,,,,,,
191,,1.6,,0.6,0.08,,,0.95,0.015,0.015,,,,,,,,,,,,,,,,,
192,,1.4,,0.5,0.08,,0.38,1.7,0.015,0.015,,,,,,,,,,,,,,,,,
193,,1.7,,0.5,0.08,,,2.0,0.015,0.015,,,,,,,,,,,,,,,,,
194,,1.0,,0.3,0.05,1.1,0.5,,0.015,0.015,,,,,,,,,,,,,,,,,
195,,1.3,,0.5,0.05,,0.5,,0.015,0.015,,,,,,,,,,,,,,,,,
196,,1.25,,0.5,0.05,,0.5,,0.015,0.015,,,,,,,,,,,,,,,,,
197,0.6,1.4,,0.6,0.025,25.9,3.8,9.0,0.015,0.008,,0.24,,,,0.6,,,,,,,,,,,
198,0.125,0.05,,0.95,,,,,,,0.1,,0.95,,,,,,99.475,,,,,,,,
199,,,,,,,,,,,,,,,,,,,99.5,,,,,,,,
200,,,,,,,,,,,,,,,0.15,,,,0.85,,,,,,,,
201,,,,,,,,,,,,,,,,,,,99.5,,,,,,,,
202,6.2,0.3,,0.15,,,,,,,0.1,,,,0.17,,,,92.74,,0.2,0.14,,,,,
203,,0.5,,0.4,0.1,22.0,2.0,57.0,,,,,3.0,0.5,0.1,14.0,,,0.3,5.0,,0.015,,,,,
204,0.75,2.0,,0.5,0.015,33.0,1.25,31.5,0.02,0.01,,0.475,30.480000000000004,,,,,,,,,,,,,,
205,0.5,1.0,,1.0,0.0425,24.5,2.0,45.35419999999999,,,,,3.0,1.5,1.5,,,0.0033,1.1,18.5,,,,,,,
206,0.5,1.0,,1.0,0.0425,24.5,2.0,45.35419999999999,,,,,3.0,1.5,1.5,,,0.0033,1.1,18.5,,,,,,,
207,2.15,1.0,,0.4,0.05,21.5,3.0,42.0,,,,,22.0,,0.8999999999999999,,,,0.2,,,,,,,,
208,2.15,1.0,,0.4,0.05,21.5,3.0,42.0,,,,,22.0,,0.8999999999999999,,,,0.2,,,,,,,,
209,0.2,3.0,,0.1,0.01,2.15,29.5,55.9,0.03,0.01,0.2,,2.0,,0.2,3.0,0.2,,0.5,3.0,,,,,,,
210,1.6,,,0.08,0.01,23.0,16.0,59.309999999999995,,,,,,,,,,,,,,,,,,,
211,,0.4,,0.1,0.01,16.0,16.0,56.79,,,0.2,,6.0,,,3.5,,,,1.0,,,,,,,
212,,0.4,,0.1,0.01,16.0,16.0,56.79,,,0.2,,6.0,,,3.5,,,,1.0,,,,,,,
213,,1.0,,1.0,0.1,22.0,9.0,46.791999999999994,,,,,18.0,,,0.6,,0.008,,1.5,,,,,,,
214,0.1,0.5,,0.4,,0.3,,,,,,,0.4,,0.15,,,,94.85,,0.2,,3.1,,,,
215,0.1,0.5,,0.4,,0.3,,,,,,,0.4,,0.15,,,,94.85,,0.2,,3.1,,,,
216,,0.9,,,,0.15,,,,,,,,,0.15,,,,93.8,,,0.15000000000000002,4.85,,,,
217,0.1,0.75,,0.2,,0.15,,,,,,,0.4,,0.15,,,,93.2495,,0.25,,4.75,0.0005,,,
218,0.1,0.75,,0.4,,0.15,,,,,,,0.4,,0.15,,,,93.0492,,0.25,,4.75,0.0008,,,
219,0.1,1.025,,0.2,,0.125,,,,,,,0.4,,0.09,,,,92.9592,,0.1,,5.0,0.0008,,,
220,0.1,0.8,,0.25,,0.125,,,,,,,0.4,,0.125,,,,92.7495,,0.2,,5.25,0.0005,,,
221,0.3,0.15,,12.0,,,,,,,,,0.6,,0.15,,,,86.49940000000001,,0.2,,0.1,0.0006,,,
222,0.3,0.15,,12.0,,,,,,,,,0.6,,0.15,,,,86.49940000000001,,0.2,,0.1,0.0006,,,
223,0.3,0.15,,12.0,,,,,,,,,0.6,,0.15,,,,86.49940000000001,,0.2,,0.1,0.0006,,,
224,0.3,0.15,,12.0,,,,,,,,,0.6,,0.15,,,,86.49940000000001,,0.2,,0.1,0.0006,,,
225,0.5,0.5,0.15,5.0,,,,,,,,,0.4,,0.15,,,,92.6992,,0.1,,0.5,0.0008,,,
226,0.5,0.5,0.15,5.25,,,,,,,,,0.4,,0.15,,,,92.4495,,0.1,,0.5,0.0005,,,
227,,,,,,,,,,,,,,,,,,,,,,,,,,,
228,,0.75,,0.6,0.075,,,,0.025,0.025,,,,,,,,,,,,,,,,,
229,,0.45,,0.2,0.05,,,,0.025,0.025,,,,,,,,,,,,,,,,,
230,,,,,,,,,,,,,,,,,,,,,,,,,,,
231,,,,,,,,,,,,,,,,,,,,,,,,,,,
232,,,,2.4,0.4,10.0,,82.3,,,,,2.8,,,,,2.1,,,,,,,,,
233,,,,4.25,0.7,14.0,,74.05,,,,,4.0,,,,,3.0,,,,,,,,,
234,,,,,,,,,,,,,,,,,,,,,,,,,,,
235,,0.8,,,,27.5,,8.0,,,,,,,,,,,,,,,,,,,
236,,,,,,,,,,,,,,,,,,,,,,,,,,,
237,,,,,0.03,19.0,3.0,10.0,,,,,67.97,,,,,,,,,,,,,,
238,,,,,,,,,,7.5,,,5.0,,,,,,25.0,,10.0,,,,12.5,,
239,,0.07,0.5,,,,,,0.014,,,,,,,,,,,,,,,,0.9,,
240,,0.07,0.5,,,,,,0.014,,,,,,,,,,,,,,,,0.9,,
241,,0.08499999999999999,0.5,,,,,,0.037500000000000006,,,,,,,,,,,,,,,,0.9,,
242,0.5,0.2,0.5,,,,,0.3,,,,,,,,,,,7.75,,,,,,,,
243,0.5,0.3,0.5,,,,,1.8,,,,,,,,,,,4.75,,,,,,,,
244,1.0,2.0,,,,,,2.0,,,,,2.0,,,,,,8.0,,,,,,,,
245,1.0,2.0,,,,,,2.0,,,,,2.0,,,,,,8.0,,,,,,,,
246,1.0,1.5,,,,,,4.5,,,,,3.2,,,,,,8.0,,,,,,,,
247,1.0,1.5,,,,,,4.5,,,,,3.2,,,,,,8.0,,,,,,,,
248,1.0,1.0,,,,,,,,,,,1.15,,,,,,9.25,,,,,,,,
249,0.4,0.7,,87.4,,,,10.5,,,,,1.0,,,,,,,,,,,,,,
250,,0.7,,87.8,,,,10.5,,,,,1.0,,,,,,,,,,,,,,
251,48.0,,,0.2,,,,10.0,,,,,,,,,,,,,41.8,,,,,,
252,48.0,,,0.2,,,,10.0,,,,,,,,,,,,,41.8,,,,,,
253,1.0,1.0,,0.25,0.04,,,30.5,,,,,0.55,,0.35,,,,,,,,,,,,
254,1.0,1.0,,0.25,0.04,,,30.5,,,,,0.55,,0.35,,,,,,,,,,,,
255,1.0,0.28,,,,,,9.35,,,,,0.28,,,,,,,,0.1,,,,,2.3,
256,1.0,,,,,,,,0.060000000000000005,,,,,,,,,,,,,,,,,,
257,0.5,0.85,0.5,2.875,,,,,,,,,,,,,,,,,,,,,,,
258,0.5,0.85,0.5,2.875,,,,,,,,,,,,,,,,,,,,,,,
259,1.0,0.25,,0.25,,,,,0.015,,,,,,,,,,,,,,,,,0.1,
260,1.0,0.3,,0.3,,,,,,,,,,,,,,,,,,,,,,0.8,
261,1.0,,,,,,,,0.2,,,,,,,,,,,,,,,,,12.5,
262,1.0,,,,,,,,0.2,,,,,,,,,,,,,,,,,12.5,
263,1.0,,,,,,,,0.2,,,,,,,,,,,,,,,,,6.3,
264,1.0,,,,,,,,0.2,,,,,,,,,,,,,,,,,6.3,
265,1.0,0.3,,0.3,,,,,,,,,,,,,,,,,,,,,,0.8,
266,58.0,0.255,,0.095,,,,,,,,,0.725,,,,,,,,39.974999999999994,,,,,0.9500000000000001,
267,59.0,,,,,,,,,,,,,,,,,,,,40.375,,,,,0.625,
268,59.0,,,,,,,,,,,,,,,,,,,,40.375,,,,,0.625,
269,,1.0,,1.0,2.5,32.0,,2.5,,,,,2.5,,,13.0,,,,45.5,,,,,,,
270,,,,,,,,,,,,,,,,,,,,,,,,,,,
271,,,,1.2,1.75,29.0,,2.5,,,,,2.5,,,9.0,,,,54.05,,,,,,,
272,,,,1.5,1.4,29.0,,,,,,,2.0,,,8.0,,,,58.1,,,,,,,
273,,,,,,,,,,,,,,,,,,,,,,,,,,,
274,,,,1.0,1.8,29.0,,2.5,,,,,2.5,,,8.8,,,,54.400000000000006,,,,,,,
275,,,,,2.3,32.0,,,,,,,,,,13.0,,,,52.7,,,,,,,
276,,1.0,,1.25,0.27,28.0,5.0,2.75,,,,,3.5,,,,,,,58.230000000000004,,,,,,,
277,,,,,,,,,,,,,,,,,,,,,,,,,,,
278,,,,,,,,,,,,,,,,,,,,,,,,,,,
279,,1.5,,0.4,0.1,20.0,1.0,10.0,,,,,3.0,,,15.0,,,,49.0,,,,,,,
280,,,,,,,,,,,,,,,,,,,,,,,,,,,
281,,0.6,,0.6,0.15,14.0,2.3,,,,,,69.35,,,,,,,13.0,,,,,,,
282,,1.0,,28.0,4.5,,,,,,,,,,,,,,,,,,,,,,
283,,0.6,,1.0,1.1,28.0,,,,,,,3.0,,,4.5,,,,61.8,,,,,,,
284,,1.0,,1.0,0.135,28.25,5.75,1.0,,0.01,,0.2,1.0,,0.1,0.2,,,,61.355,,,,,,,
285,,,,,,,,,,,,,,,,,,,,,,,,,,,
286,,,,1.2,1.1,28.0,,,,,,,2.0,,,5.0,,,,62.699999999999996,,,,,,,
287,,0.6,,1.0,1.1,28.0,,,,,,,,,,4.5,,,,64.8,,,,,,,
288,,,,,3.85,30.0,,,,,,,66.15,,,,,,,,,,,,,,
289,,0.4,,1.7,0.6,9.0,,,,,,,,,,,,,,,,,,,,,
290,,,3.0,,4.5,32.0,,,,,,,60.5,,,,,,,,,,,,,,
291,,,,,5.75,24.0,,,,,,,64.25,6.0,,,,,,,,,,,,,
292,,,,,5.0,23.5,6.0,,,,1.0,,,6.0,,2.0,,,,,,,,,,,
293,,,,2.0,4.0,28.0,,,,,,,,,,,,,,,,,,,,,
294,,0.6,,,1.1,28.0,,,,,,,2.5,,,4.5,,,,63.3,,,,,,,
295,,,,,,,,,,,,,96.0,4.0,,,,,,,,,,,,,
296,,,,,4.0,25.0,2.0,,,,0.6,,,,,,,1.75,,,,,,,,,
297,,,,,,,,,,,,,,,,,,,,,,,,,,,
298,48.0,,,,,,,10.0,,,,,,,,,,,,,42.0,,,,,,
299,,1.25,,,0.125,2.75,,,,,,,95.875,,,,,,,,,,,,,,
300,,1.0,,,0.15,3.0,,,,,,,95.85,,,,,,,,,,,,,,
301,,0.6,,0.4,0.1,6.5,3.25,,,,,,,,,,,,,,,,,,,,
302,,1.0,,,0.15,3.0,,,,,,,95.85,,,,,,,,,,,,,,
303,,0.6,,,0.65,8.5,0.75,,,,1.1,,88.4,,,,,,,,,,,,,,
304,,,,,0.6,8.7,0.5,,,,1.4,,88.8,,,,,,,,,,,,,,
305,,13.0,,,0.8,,,3.0,,,,,83.2,,,,,,,,,,,,,,
306,,17.0,,,0.55,14.0,,,,,,,68.45,,,,,,,,,,,,,,
307,,,,2.0,2.0,-53.19999999999999,,40.0,,,,,0.6,,,0.6,,9.0,,99.0,,,,,,,
308,,,,,,,,,,,,,,,,,,,,,,,,,,,
309,,,,,,,,,,,,,,,,,,,,,,,,,,,
310,,,,,,,,,,,,,,,,,,,,,,,,,,,
311,,,,,,,,,,,,,,,,,,,,,,,,,,,
312,,1.5,,,0.9,4.5,8.0,,,,1.5,,81.6,,,2.0,,,,,,,,,,,
313,,,,,5.5,,,,,,,,0.5,,0.5,85.5,,,,8.0,,,,,,,
314,,0.7,,,0.1,13.0,0.75,4.0,,,,,81.45,,,,,,,,,,,,,,
315,,,,,,,,,,,,,,,,,,,99.5,,,,,,,,
316,0.5,2.0,,0.2,0.02,2.15,29.5,57.56,0.04,0.03,,,2.0,,,3.0,,,,3.0,,,,,,,
317,,0.4,,0.14,0.012,15.5,16.1,59.1,0.012,0.004,,,5.5,,,3.25,,,,,,,,,,,
318,,,,,,,,,,,,,,,,,,,,,,,,,,,
319,0.1,1.2,,0.3,,,,,,,,,0.35,,,,,,97.8,,0.05,,0.2,,,,
320,0.23,0.04,,11.8,,,,,,,,,0.8,,,,,,87.01,,0.08,,0.04,,,,
321,0.23,0.04,,5.25,,,,,,,,,0.8,,0.2,,,,93.3592,,0.08,,0.04,0.0008,,,
322,0.4,1.0,,0.5,0.06,,,0.7,,,,,,,,,,,,,,,,,,,
323,,0.9,,0.6,0.06,5.2,0.5,,,,,,,,,,,,,,,,,,,,
324,89.0,1.0,,,,,,,,,,,0.7,,,,,,8.0,,,,,,,,
325,1.0,2.7,,0.25,,,,,,,,,0.1,,,,,,,,,,,,,0.7,
326,1.0,12.5,,0.4,,,,2.5,,,,,,,,,,,8.0,,,,,,,,
327,1.0,1.75,,0.5,0.05,,,,0.02,0.015,,,0.575,,0.5,,,,,,,,,,,,29.0
328,0.5,1.4,0.5,0.75,0.1,23.5,9.0,46.205,0.03,0.015,,,5.0,,,,1.0,,,12.0,,,,,,,
329,,0.35,,,0.014,21.2,13.1,58.11900000000001,0.012,0.005,,,3.9,,,3.3,,,,,,,,,,,
330,0.35,0.8,,0.18,0.01,22.0,16.0,52.839999999999996,0.01,0.01,,,4.0,,,3.8,,,,,,,,,,,
331,,,,,0.6,24.5,9.5,62.4,,,,,,3.0,,,,,,,,,,,,,
332,1.75,2.25,,0.4,0.03,24.0,4.5,46.07,,,,,21.0,,,,,,,,,,,,,,
333,0.5,2.25,0.5,0.75,0.1,15.0,1.5,,0.03,0.015,,,12.0,,,,1.75,,,,,,,,,,62.0
334,,5.0,,,0.045,19.5,,69.055,,,,,4.0,2.4,,,,,,,,,,,,,
335,1.0,4.0,,1.0,0.15,,,,,,,,2.5,,1.0,,,,0.75,,,,,,,,65.0
336,0.25,0.75,,1.25,0.1,,,,0.03,0.02,,,0.75,,2.5,,,,1.0,,,,,,,,
337,,1.6,,0.6,0.08,0.3,0.3,1.5,,,0.1,,,,,,,,,,,,,,,,
338,,1.6,,0.6,0.08,0.3,0.3,1.5,,,0.1,,,,,,,,,,,,,,,,
339,0.3,1.7000000000000002,,0.7,0.09,0.6000000000000001,0.275,0.55,0.015,0.015,0.03,,,,,,,,,,,,,,,,
340,,1.6,,0.45,0.07,0.3,0.4,2.1,,,,,,,,,,,,,,,,,,,
341,,1.6,,0.45,0.07,0.3,0.4,2.1,,,,,,,,,,,,,,,,,,,
342,0.25,1.6,,0.425,0.1,0.6,0.475,2.4,,,,,,,0.1,,,,0.1,,,0.1,,,,,
343,0.25,1.6,,0.425,0.1,0.6,0.475,2.4,,,,,,,0.1,,,,0.1,,,0.1,,,,,
344,3.5,0.55,,0.45,0.03,16.7,0.2,4.7,,,,,,0.24,,,,,,,,,,,,,
345,3.5,0.55,,0.45,0.03,16.7,0.2,4.7,,,,,,0.24,,,,,,,,,,,,,
346,0.15,0.55,,0.48,0.04,1.35,0.55,,,,,,,,,,,,,,,,,,,,
347,0.2,0.55,,0.55,0.09,1.35,0.5,,,,,,,,,,,,,,,,,,,,
348,,0.55,,0.55,0.09,1.35,0.5,,,,,,,,,,,,,,,,,,,,
349,0.12,0.5,,0.4,0.07,9.0,1.0,,0.008,0.008,,,,,,,,,,,,,,,,,
350,0.12,1.8,,0.7,0.08,,0.5,,0.01,0.01,,,,,,,,,,,,,,,,,
351,,0.45,,0.4,0.1,8.8,0.42,0.5,,,0.2,,,0.05,,1.6,,,,,,,,,,,
352,,0.45,,0.4,0.1,8.8,0.42,0.5,,,0.2,,,0.05,,1.6,,,,,,,,,,,
353,0.35,0.55,0.5,0.55,0.09,2.5,1.1,0.2,0.025,0.025,,,,,,,,,,,,,,,,,
354,0.35,0.55,0.5,0.55,0.09,2.5,1.1,0.2,0.025,0.025,,,,,,,,,,,,,,,,,
355,0.1,0.8,0.5,0.32,0.1,9.0,1.0,0.6,0.008,0.008,0.2,,,,,,,,0.02,,,,,,,,
356,0.1,0.8,0.5,0.32,0.1,9.0,1.0,0.6,0.008,0.008,0.2,,,,,,,,0.02,,,,,,,,
357,,,,,0.08,,,,,,,0.05,0.25,,0.62,,,,,,,,,,,,
358,,,,,0.03,,,,,,,0.012,0.08,,,,,,,,,,,,,,
359,,,,,0.03,,,,,,0.75,0.015,0.15,,,,,,0.30000000000000004,,,,,,,,
360,,,,,0.08,,,,,,,0.05,0.25,,0.62,,,,,,,,,,,,
361,,,,,0.05,,,,,,4.0,0.03,0.22,,,,,,6.1,,,,,,,,
362,,,,,0.03,,,,,,,0.015,0.12,,,,,,,,,,,,,,
363,,53.0,,,,,,,,,,,43.0,,,,,,,,,,,,,,
364,,,,,,,,,0.015,0.015,,,,,,,,,,,,,,,,,
365,,,,,,,,,,,,,,,,,,,,,,,,,,,
366,,,,,,,,,,,,,,,,,,,,,,,,,,,
367,0.3,0.8,,0.3,0.045,,,,,,,,,,,,,,,,,,,,,,
368,,,,,,,,,,,,,,,,,,,,,,,,,,,
369,,,,,,,,,,,,,,,,,,,,,,,,,,,
370,,,,,,,,,,,,,,,,,,,,,,,,,,,
371,0.05,1.6,,0.7,0.025,21.0,,10.0,,,,0.75,,1.6,,,,,,,,,,,,,
372,,2.05,,0.37,0.022,19.91,0.031,10.62,,,,,,0.52,,,,,,,,,,,,,
373,22.5,1.25,,0.55,0.03,19.25,,9.5,,,,0.55,1.45,0.03,,,,,,,,,,,,,
374,,0.5,,0.5,0.04,21.25,9.0,60.46,,,,,5.0,3.25,,,,,,,,,,,,,
375,,,,,,,,,,,,,,,,,,,,,,,,,,,
376,,0.11,,,,21.74,8.63,64.87,,,,,0.36,3.63,,,,,,,,,,,,,
377,,1.6,,1.0,0.03,19.5,,10.0,,,1.6,1.0,,0.06,,19.5,,,,,,,,,,,
378,,,,,,,,,0.024,0.024,,,,,,,,,,,,,,,,,
379,,,,,,,,,,,,,,,,,,,,,,,,,,,
380,,,,,,,,,,,,,,,,,,,,,,,,,,,
381,,,,,,,,,0.015,0.015,,,,,,,,,,,,,,,,,
382,,1.75,,0.9,0.09,,,,,0.025,,,,,,,,,,,,,,,,,
383,,0.5,,0.2,0.1,,,,,,,,,,,,,,,,,,,,,,
384,,1.0,,0.08,0.1,,,,,,,,,,,,,,,,,,,,,,
385,,1.1,,0.1,0.09,,,0.4,,,,,,,,,,,,,,,,,,,
386,,1.0,,0.2,0.11,,0.5,,,,,,,,,,,,,,,,,,,,
387,,,,,,,,,,,,,,,,,,,,,,,,,,,
388,,0.6,,3.7,3.2,,,0.6,,,,,,,,,,,,,,,,,,,
389,,0.7,,0.1,0.2,,,,,,,,99.0,,,,,,,,,,,,,,
390,,,,,,,,,,,,,,,,,,,,,,,,,,,
391,,,,,,,,,,,,,,,,,,,,,,,,,,,
392,0.5,1.0,0.5,0.75,0.1,21.5,9.0,,0.03,0.02,,,7.0,,,,7.3,,,,,,,,,,55.0
393,0.5,7.25,0.5,1.0,0.1,15.0,,59.0,0.03,0.015,,,10.0,1.75,1.0,,,,,,,,,,,,
394,1.0,,,,,,,,5.0,,,,,,,,,,,,,,,,15.0,,
395,75.0,,,,,,,,7.0,,,,,,,,,,,,,,,,18.0,,
396,1.0,,,,,,,,6.35,,,,,,,,,,,,,,,,17.6,,
397,,,,,,,,,,,,,,,,,,,,,,,,,,,
398,,,,,,,,,,,,,,,,,,,,,,,,,,,
399,38.0,9.5,,,,,,5.5,,,,,,,,,,,,,20.0,,,,27.0,,
400,92.0,,,,,,,,6.0,,,,,,,,,,,,,,,,2.0,,
401,36.0,,,,,,,,,,,,,,,,,,,,32.0,,,,30.0,2.0,
402,36.0,,,0.15,,,,,,,,,,,,,,,,,27.5,,,,34.0,2.5,
403,30.0,,,,,,,,,,,,,,,,,,,,28.0,,,,40.0,2.0,
404,27.0,,,,,,,,,,,,,,,,,,,,25.0,,,,45.0,3.0,
405,16.0,7.5,,,,,,4.5,,,,,,,,,,,,,23.0,,,,49.0,,
406,22.0,,,,,,,,,,,,,,,,,,,,17.0,,,,55.0,5.0,
407,89.0,,,0.02,,,,,6.0,,,,,,,,,,,,,,,,5.0,,
408,23.0,,,,,,,,,,,,,,,,,,,,14.0,,,,60.0,3.0,
409,1.0,,,,,,,,7.0,,,,,,,,,,,,,,,,,,
410,1.0,,,,,,,,7.0,,,,,,,,,,,,,,,,,,
411,86.0,,,,,,,,7.0,,,,,,,,,,,,,,,,,7.0,
412,,0.9,,0.7,0.07,6.0,0.9,,,,,,,,,,,,,,,,,,,,
413,,0.9,,0.4,0.35,17.5,,,,,,,,,,,,,,,,,,,,,
414,,0.9,,0.4,0.35,17.5,,,,,,,,,,,,,,,,,,,,,
415,,1.9,,0.35,1.1,1.8,,,,,,,,,,,,,,,,,,,,,
416,,0.5,,3.0,0.5,9.15,,,,,,,,,,,,,,,,,,,,,
417,,0.5,,3.0,0.5,9.15,,,,,,,,,,,,,,,,,,,,,
418,,0.5,,3.0,0.5,9.15,,,,,,,,,,,,,,,,,,,,,
419,,0.5,,3.0,0.5,9.15,,,,,,,,,,,,,,,,,,,,,
420,,,5.0,,0.38,17.0,0.8,,,,,,,,,,,,,,,,,,,,
421,,0.4,,1.1,0.35,5.2,1.4,,,,0.4,,,,,1.3,,,,,,,,,,,
422,,0.5,,1.0,0.4,6.0,1.0,1.6,,,,,,,,,,,,,,,,,,,
423,,0.3,,0.3,1.0,4.0,8.3,,,,1.9,,,,,1.8,,,,,,,,,,,
424,,0.45,,0.95,0.38,5.2,1.1,,,,0.45,,,,,,,,,,,,,,,,
425,,0.45,,0.95,0.38,5.2,1.1,,,,0.45,,,,,,,,,,,,,,,,
426,,0.6,,0.3,0.25,5.0,3.6,,,,,,,,0.6,,,,,,,,,,,,
427,,0.6,,0.3,0.25,5.2,3.8,,,,,,,,0.6,,,,,,,,,,,,
428,0.05,0.325,0.3,0.05,,,,0.005,,,,,0.005,,,,,,9.0,,2.0,,88.2645,0.0005,,,
429,,1.3,,0.5,0.05,,,0.9,0.015,0.015,,,,,,,,,,,,,,,,,
430,,,,,98.0,,,,,,,,,,,,,,,,,,,,,,
431,,,,,98.0,,,,,,,,,,,,,,,,,,,,,,
432,,12.0,,0.08,0.25,,,42.0,,,,,45.0,,,,,,0.3,,,,,,,,
433,0.25,0.35,,0.35,0.15,,,,,0.01,,,0.4,,,,,,,,,,,,,,99.0
434,0.25,0.35,,0.35,0.15,,,,,0.01,,,0.4,,,,,,,,,,,,,,99.0
435,,,,4.25,0.7,16.0,,72.05,,,,,4.0,,,,,3.0,,,,,,,,,
436,,,,1.0,0.15,22.0,9.0,51.75,,,,,3.0,,0.6,,,,,12.5,,,,,,,
437,,,,1.0,0.15,22.0,9.0,51.75,,,,,3.0,,0.6,,,,,12.5,,,,,,,
438,,,,,0.01,23.0,16.0,59.989999999999995,,,,,1.0,,,,,,,,,,,,,,
439,,,,,0.01,23.0,16.0,59.989999999999995,,,,,1.0,,,,,,,,,,,,,,
440,0.1,0.2,,0.03,0.003,21.0,13.5,56.0,,,0.15,,4.0,,,3.0,,,,1.5,,,,,,,
441,0.1,0.2,,0.03,0.003,21.0,13.5,56.0,,,0.15,,4.0,,,3.0,,,,1.5,,,,,,,
442,,1.0,,0.08,0.01,21.0,16.0,,,,,,5.0,,0.25,3.7,,,0.5,,,,,,,,52.46000000000001
443,,1.0,,0.08,0.01,21.0,16.0,,,,,,5.0,,0.25,3.7,,,0.5,,,,,,,,52.46000000000001
444,0.3,1.0,,0.5,0.04,29.75,,58.0,,0.015,,0.014,9.0,,1.0,,,,1.1,0.12,,,,,,,
445,0.5,1.0,,0.5,0.05,29.0,,58.0,,0.015,,0.014,9.0,,1.0,,,,1.1,0.12,,,,,,,
446,0.3,1.0,,0.5,0.04,29.75,,57.135999999999996,,0.015,,0.014,9.0,,1.0,,,0.005,1.1,0.12,,0.02,,,,,
447,0.5,3.0,,0.5,0.1,20.0,,67.0,0.03,0.015,,,3.0,,0.75,,2.5,,,0.12,,,,,,,
448,0.5,3.0,,0.5,0.1,20.0,,67.0,0.03,0.015,,,3.0,,0.75,,2.5,,,0.12,,,,,,,
449,0.1,1.0,,0.27,0.1,23.0,,60.5,0.03,0.015,,,13.635000000000005,,,,,,1.35,,,,,,,,
450,0.1,0.5,,0.5,0.2,25.0,,60.86500000000001,0.02,0.01,,,9.5,,0.15000000000000002,,,,2.1,1.0,,0.055,,,,,
451,,0.07,,0.04,0.17,25.0,,61.0,,,,,9.7,,0.14,,,,2.3,,,0.09,,,,,
452,,0.02,,0.2,0.02,22.19,9.0,64.05799999999999,,,,,0.7,,0.162,,3.65,,,,,,,,,,
453,,0.02,,0.2,0.02,22.0,9.0,64.41,,,,,0.7,,0.15,,3.5,,,,,,,,,,
454,0.05,0.1,,0.15,0.07,17.5,3.0,52.0,0.008,0.001,,,20.766000000000005,,0.9,,5.0,0.005,0.4,0.05,,,,,,,
455,0.05,0.1,,0.15,0.07,17.5,3.0,52.0,0.008,0.001,,,20.766000000000005,,0.9,,5.0,0.005,0.4,0.05,,,,,,,
456,,0.5,,0.3,,37.5,0.5,55.0,,,,,1.0,,,,0.625,,0.975,1.0,,,,,,,
457,0.2,0.1,,0.1,0.01,37.5,,55.0,,0.008,,,0.2,,0.6,,,,,,,,,,,,
458,0.5,2.35,,0.35,0.08,15.5,,,,,,,8.0,,3.0,,,,,,,,,,,,67.0
459,0.3,1.0,,0.5,0.15,29.0,,59.5461,,,,,4.25,,0.5039,,1.5,,3.25,,,,,,,,
460,1.0,4.0,,1.25,0.15,,,65.5,,,,,2.5,,2.25,,,,,,,,,,,,
461,1.0,4.0,,1.25,0.15,,,65.5,,,,,2.5,,2.25,,,,,,,,,,,,
462,,54.0,,,,,,,,,,,42.0,,,,,,,,,,,,,,
463,,11.0,,,1.5,,,44.0,,,,,45.0,,,,,,,,,,,,,,
464,,,,,1.5,,,55.0,,,,,43.5,,,,,,,,,,,,,,
465,0.4,0.7,,0.1,0.03,,,55.0,,,,,43.769999999999996,,,,,,,,,,,,,,
466,0.4,1.0,,0.2,0.1,,,60.0,,,,,38.3,,,,,,,,,,,,,,
467,0.6,1.1,,1.2,1.1,,,54.0,,,,,43.0,,,,,,,,,,,,,,
468,,0.4,,36.0,0.2,62.0,,1.6,,,,,,,,,,,,,,,,,,,
469,0.25,1.0,,0.75,0.15,,,,0.03,0.015,,,1.0,,2.75,,,,1.5,,,,,,,,93.0
470,0.25,1.0,,0.75,0.15,,,,0.03,0.015,,,1.0,,2.75,,,,1.5,,,,,,,,93.0
471,,2.0,,0.5,0.12,1.5,0.4,,,,,,,,,,,,,,,,,,,,
472,,1.5,,0.4,0.12,1.2,0.4,2.4,,,,,,,,,,,,,,,,,,,
473,,1.5,,0.4,0.15,2.05,3.25,0.65,,,0.4,,91.6,,,,,,,,,,,,,,
474,,0.8,,0.6,0.3,14.0,,0.4,,,,,,,,,,,,,,,,,,,
475,,1.0,,0.9,0.05,14.0,0.75,4.5,,,,,78.8,,,,,,,,,,,,,,
476,,6.8,,0.8,0.03,19.5,,8.5,,,,,64.37,,,,,,,,,,,,,,
477,,0.2,,1.2,3.7,32.0,,,,,,,62.9,,,,,,,,,,,,,,
478,,1.45,,1.6,1.8,6.0,1.25,,,,,,,,4.5,,,,,,,,,,,,
479,,3.0,,1.0,0.5,6.0,1.5,,,,,,,,,1.0,,,,,,,,,,,
480,,1.3,,0.7,1.4,6.5,,,,,1.0,,,8.0,,1.2,,,,,,,,,,,
481,,0.1,,1.0,5.5,32.0,,,,,,,61.4,,,,,,,,,,,,,,
482,,0.9,,1.0,1.3,6.5,,,,,,,,6.5,,,,,,,,,,,,,
483,,0.7,,1.1,5.0,27.0,1.5,,,,,,,,,,,,,,,,,,,,
484,,0.5,,1.0,5.0,22.0,,,,,,,,7.0,,,,,,,,,,,,,
485,,0.4,,1.3,5.3,22.0,,,,,,,,7.0,,,,,,,,,,,,,
486,,0.2,,1.05,3.7,30.5,0.6,,,,,,,,,,,,,,,,,,,,
487,,1.1,,0.3,0.5,0.3,,1.5,,,,,,,,,,4.8,,,,,,,,,
488,,0.8,,0.6,1.8,8.2,,,,,,,,,,,,4.2,,,,,,,,,
489,,3.0,,0.9,0.5,6.5,0.7,,,,,,,,,0.4,,,,,,,,,,,
490,,,,,4.0,22.0,,,,,0.8,,,,,0.8,,1.0,,,,,,,,,
491,,1.2,,0.9,0.5,12.5,,,,,,,84.9,,,,,,,,,,,,,,
492,,3.0,,1.0,0.5,6.5,1.5,,,,1.5,,84.9,,,1.1,,,,,,,,,,,
493,,,,0.8,5.0,38.0,,,,,,,,,,,,2.0,,,,,,,,,
494,,,,0.8,5.4,22.0,,,,,,,,7.0,,,,,,,,,,,,,
495,,,,1.0,5.0,22.0,,,,,10.0,,,,,,,,,,,,,,,,
496,,0.8,,1.2000000000000002,5.25,24.5,,,,,5.5,,60.75,,,2.0,,,,,,,,,,,
497,,0.4,,1.0,5.2,21.0,7.0,,,,1.0,,55.4,7.0,,2.0,,,,,,,,,,,
498,,1.5,,1.2,0.5,,,3.0,,,,,,,,,,4.8,,,,,,,,,
499,,0.6,,1.1,4.0,19.0,0.3,,,,0.4,,61.6,13.0,,,,,,,,,,,,,
500,,1.0,,0.25,0.18,,,,,,,,,,,,,,0.8,,,,,,,,
501,,13.75,,0.4,1.0,4.0,,0.55,,,,,80.3,,,,,,,,,,,,,,
502,,0.2,,0.5,1.0,14.0,0.2,1.2,,,,,,,,,,,,,,,,,,,
503,,15.7,,0.4,0.45,14.75,0.55,1.25,,,0.25,,66.65,,,,,,,,,,,,,,
504,,0.55,,0.2,0.2,,,,0.002,0.002,,,,,,,,,1.3,,,,,,,,
505,,0.55,,0.2,0.19,,,,0.009,0.006,,,,,,,,,0.6,,,,,,,,
506,,0.9,,0.38,0.15,,,,,,,,,,,,,,1.4,,,,,,,,
507,,0.4,,0.6,0.8,4.5,8.0,,,,1.5,,,,,2.0,,,,,,,,,,,
508,,,,,,,,,,,,,,,,,,,,,,,,,,,
509,,,,,,,,,,,,,1.0,,,,,,,,,,,,,,
510,,,,,,,,,,,,,,,,,,,,,,,,,3.1,96.9,
511,0.3,0.475,,0.1,0.08,0.15,0.15,0.15,0.025,0.025,,,,,,,,,0.03,,,,,,,,
512,,0.5,,0.3,0.08,6.0,,,,,,,,,,,,,,,,,,,,,
513,0.3,1.1,,0.125,0.11,0.15,0.15,0.15,0.025,0.025,,,,,,,,,0.03,,,,,,,,
514,,1.0,,0.27,0.12,1.0,0.57,0.95,,,,,,,,,,,,,,,,,,,
515,0.2,0.95,,0.25,0.1,1.2,0.55,,,,,,,,,,,,,,,,,,,,
516,,0.95,,0.25,0.1,2.45,1.0,,,,,,,,,,,,,,,,,,,,
517,,1.15,,0.2,0.11000000000000001,,0.55,,0.025,0.025,,,,,,,,,,,,,,,,,
518,,1.0,,0.2,0.08,,,0.9,,,,,,,,,,,,,,,,,,,
519,,,,,,,,,,,,,,,,,,,,,,,,,,,
520,,1.52,,0.15,0.12,,0.52,,,,,,,,,,,,,,,,,,,,
521,,1.75,,0.2,0.12,,0.55,0.9,,,,,,,,,,,,,,,,,,,
522,,1.6,,0.1,0.13,0.27,0.6,2.1,,,,,,,,,,,,,,,,,,,
523,0.3,1.675,,0.275,0.09,0.15,0.15,0.15,0.025,0.025,,,,,,,,,0.03,,,,,,,,
524,,,,,,,,,,,,,,,,,,,,,,,,,,,
525,,1.85,,0.65,0.1,,,0.35,0.025,0.025,,,,,,,,,,,,,,,,,
526,,1.4,,0.1,0.05,,0.4,1.4,0.025,0.02,0.13,,,,,,,,,,,,,,,,
527,,2.0,,0.9,0.03,22.5,3.0,8.5,,,,0.14,,,,,,,,,,,,,,,
528,,1.2,,0.6,0.025,25.0,3.7,9.0,,,,0.2,,,,0.4,,,,,,,,,,,
529,,,,,,,,,,,,,,,,,,,,,,,,,,,
530,,1.7,,0.4,0.03,19.0,0.3,9.5,,,,,,,,,,,,,,,,,,,
531,,,,,,,,,,,,,,,,,,,,,,,,,,,
532,,1.75,,0.475,0.3,24.0,0.3,13.0,,,,,,,,,,,,,,,,,,,
533,,,,,,,,,,,,,,,,,,,,,,,,,,,
534,,1.8,,0.3,0.015,22.0,2.9,14.0,,,,,,,,,,,,,,,,,,,
535,0.2,2.0,,0.3,0.05,21.0,0.3,11.0,0.03,0.03,,0.045,,0.55,,,,,,,,,,,,,
536,,1.8,,0.5,0.1,26.0,,21.0,,,,,,,,,,,,,,,,,,,
537,0.3,1.75,,0.44999999999999996,0.02,18.6,2.75,12.5,,,,,,0.05,,,,,,0.2,,,,,,,
538,,2.0,,0.9,0.025,17.0,2.5,12.0,0.045,0.03,,,,,,,,,,,,,,,,,
539,0.3,2.0,,0.475,0.03,19.25,3.5,14.0,0.03,0.02,,,,,,,,,,,,,,,,,
540,,1.6,,0.5,0.035,19.0,2.75,12.5,,,,,,12.0,,,,,,,,,,,,,
541,,,,,,,,,,,,,,,,,,,,,,,,,,,
542,,,,,,,,,,,,,,,,,,,,,,,,,,,
543,,1.0,,0.3,0.5,13.0,0.5,4.0,,,,,,,,,,,,,,,,,,,
544,,0.6,,0.5,0.325,13.0,,0.6,,,,,,,,,,,,,,,,,,,
545,,0.46,,0.4,0.021,17.0,0.03,0.4,0.023,0.0026,,0.0299,,,,,,,,,,,,,,,
546,,0.6,,0.4,0.08,8.7,1.0,0.18,,,,,,,,,,,,,,,,,,,
547,,1.85,,0.6,0.1,0.6,0.55,2.2,0.015,0.015,,,,,,,,,,,,,,,,,
548,1.6,2.05,,0.35,0.019,20.5,4.6,25.1,0.014,0.015,,0.04,,,,,,,,,,,,,,,
549,,0.5,,0.25,0.1,8.7,1.0,0.6,0.008,0.006,0.2,,,0.04,,,,,,,,,,,,,
550,2.15,0.1,,0.4,0.05,21.5,3.0,42.0,,,,,22.0,,0.8999999999999999,,,,,,,,,,,,
551,2.25,1.0,,0.5,0.025,21.5,3.0,42.0,,,,,28.724999999999994,,1.0,,,,,,,,,,,,
552,,,,,,,,,,,,,,,,,,,,,,,,,,,
553,0.45,1.4,,0.85,0.09,,,0.85,,,,,,,,,,,,,,,,,,,
554,,0.4,,0.7,0.15,14.5,2.5,0.5,,,,,,,,,,,,12.5,,,,,,,
555,0.5,3.0,,0.5,0.1,20.0,,67.0,,,,,3.0,2.5,0.75,,,,,,,,,,,,
556,,62.14,,0.08,,0.18,,25.3,,,,,0.13,,0.04,,,,9.58,,,2.23,,,,,
557,,0.5,,0.6,0.04,21.25,9.0,63.86,,,,,0.7,,0.4,,3.6500000000000004,,,,,,,,,,
558,,0.02,,0.02,0.02,22.2,9.0,64.22800000000001,,,,,0.7,,0.162,,3.65,,,,,,,,,,
559,,0.8,,0.06,0.075,2.3,1.0,,,,0.15,,,0.035,,,,0.002,,,,,,,,,
560,,75.0,,1.51,,0.757,0.169,0.036,,,,,,,0.011,,,,,,,,,,,,
561,,0.775,,0.275,0.215,11.45,0.8775,0.525,,,0.3,,,,,0.5,,,,,,,,,,,
562,,1.0,,0.8,0.08,25.0,,4.0,0.02,0.008,,,,,,,,,,,,,,,,,
563,,1.4,,0.3,0.07,4.0,0.5,,,,,,,0.1,,,,,,,,,,,,,
564,,0.6,,0.5,0.060000000000000005,13.0,1.1,4.0,,,,,,,,,,,,,,,,,,,
565,,1.0,,0.3,0.08,13.5,0.5,4.3,,,,0.1,,,,,,,,,,,,,,,
566,,1.1,,1.1,0.07,15.0,1.0,4.0,,,,,,,,,,,,,,,,,,,
567,,1.5,,0.7,0.1,12.25,1.25,3.5,,,0.15,,,2.0,,,,,,,,,,,,,
568,,1.5,,0.3,0.05,,,,0.025,0.02,,,,,,,,,,,,,,,,,
569,,0.7,,0.4,0.07,25.0,,4.0,0.025,0.025,,,,,,,,,,,,,,,,,
570,,1.2,,0.2,0.13,,,1.0,0.012,0.005,,,,,,,,,,,,,,,,,
571,,1.2,,0.3,0.06,,0.5,0.9,0.015,0.015,,,,,,,,,,,,,,,,,
572,,1.6,,0.4,0.08,0.5,0.5,2.2,0.015,0.015,,,,,,,,,,,,,,,,,
573,,1.6,,0.4,0.08,1.0,0.5,2.2,0.015,0.015,,,,,,,,,,,,,,,,,
574,,1.1,,0.3,0.09,2.3,1.1,,0.015,0.015,,,,,,,,,,,,,,,,,
575,,16.0,,0.4,0.5,15.0,0.5,1.2,,,0.2,,66.2,,,,,,,,,,,,,,
576,1.6,0.7,,0.6,0.02,25.5,3.8,8.9,0.015,0.01,,0.25,,,,,,,,,,,,,,,
577,,1.8,,0.3,0.015,22.0,2.9,14.0,,,,,,,,,,,,,,,,,,,
578,,2.8,,,0.33,7.0,1.7,0.25,,,0.25,,,,,1.8,,,,,,,,,,,
579,,1.45,,0.85,0.08,,,,0.025,0.025,,,,,,,,,,,,,,,,,
580,,1.75,,0.9,0.08,,,,0.025,0.025,,,,,,,,,,,,,,,,,
581,,1.55,,0.3,0.1,,,,0.025,0.025,,,,,,,,,,,,,,,,,
582,0.45,1.4,,0.85,0.09,,,0.85,,,,,,,,,,,,,,,,,,,
583,0.45,1.4,,0.85,0.09,,,0.85,,,,,,,,,,,,,,,,,,,
584,0.25,1.0,,0.6,0.09,1.15,0.5,,,,,,,,,,,,,,,,,,,,
585,0.5,1.0,,0.6,0.09,1.15,,,,,,,,,,,,,,,,,,,,,
586,0.25,1.0,,0.6,0.09,1.15,0.5,,,,,,,,,,,,,,,,,,,,
587,0.3,1.0,,0.65,0.07,2.55,1.0,,,,,,,,,,,,,,,,,,,,
588,0.3,1.0,,0.65,0.07,2.55,1.0,,,,,,,,,,,,,,,,,,,,
589,,0.5,,0.45,0.08,5.7,0.6,,,,,,,,,,,,,,,,,,,,
590,1.0,13.0,,,,,,2.25,,,,,2.5,,,,,,7.9,,,,,,,,
591,,1.2,,0.6,0.09,0.15,0.5,0.15,,,,,,,,,,,,,,,,,,,
592,,1.1,,0.6,0.1,0.15,0.5,0.15,,,,,,,,,,,,,,,,,,,
593,,1.2,,0.6,0.09,0.15,0.5,0.15,,,,,,,,,,,,,,,,,,,
594,,1.05,,0.5,0.08,,,0.9,0.007,0.017,,,,,,,,,,,,,,,,,
595,,1.05,,0.5,0.08,,,0.9,0.007,0.017,,,,,,,,,,,,,,,,,
596,,1.1,,0.6,0.1,,,2.4,0.015,0.015,,,,,,,,,,,,,,,,,
597,,1.1,,0.6,0.1,,,2.4,0.015,0.015,,,,,,,,,,,,,,,,,
598,0.12,1.1,,0.6,0.1,,,3.5,0.01,0.01,,,,,,,,,,,,,,,,,
599,,1.2,,0.75,0.1,,0.3,0.9,,,,,,,,,,,,,,,,,,,
600,,1.2,,0.55,0.04,,,,,,,,,,0.1,,,,0.1,,,0.07,,,,,
601,,1.2,,0.6,0.07,,,,,,,,,,,,,,,,,,,,,,
602,,1.2,,0.57,0.08,,,,,,,,,,,,,,,,,,,,,,
603,,1.45,,0.85,0.08,,,,0.025,0.025,,,,,,,,,,,,,,,,,
604,,1.45,,0.85,0.08,,,,0.025,0.025,,,,,,,,,,,,,,,,,
605,,1.75,,0.9,0.08,,,,0.025,0.025,,,,,,,,,,,,,,,,,
606,,1.75,,0.2,0.12,,0.55,0.9,,,,,,,,,,,,,,,,,,,
607,,1.75,,0.9,0.08,,,,0.025,0.025,,,,,,,,,,,,,,,,,
608,,,,,,,,80.0,,,,,,,,,,,20.0,,,,,,,,
609,,0.65,,0.2,0.82,,,,,,,,,,,,,,,,,,,,,,
610,,0.3,,0.25,1.0,1.5,,,,,,,,,,,,,,,,,,,,,
611,,,,,,,,,,,,,,,,,,,,,,,,,,,
612,,0.75,,0.44999999999999996,0.38,16.5,1.1,0.55,,0.03,,,,,,,,,,,,,,,,,
613,,6.5,,0.8,0.12,18.5,,8.5,0.025,0.025,,,,,,,,,,,,,,,,,
614,,1.1,,0.45,0.3,1.0,,,,,,,,,0.2,,,,0.1,,,,,,,,
615,0.75,1.75,,0.475,0.15,30.0,0.75,9.25,0.03,0.03,,,,,,,,,,,,,,,,,
616,,1.7,,,0.03,18.0,2.5,12.0,,,,,,,,,,,,,,,,,,,
617,,0.6,,0.5,0.325,13.0,,0.6,0.03,0.03,,,,,,,,,,,,,,,,,
618,,1.0,,1.25,0.15,20.0,,,,0.01,,,1.0,,,,,,,,,,,,,,76.59
619,,,,,,,,,,,,,2.0,,,86.0,,,,12.0,,,,,,,
620,,,,,,,,95.0,,,,,,,,,,,5.0,,,,,,,,
621,0.125,0.05,,,,,,,,,,,,,,,,,99.0,,0.1,,,0.0003,,,
622,,,,,,,,,,,,,,,,,,,,,,,,,,,
623,99.9,,,,,,,,,,,,,,,,,,,,,,,,,,
624,99.9,,,,,,,,,,,,,,,,,,,,,,,,,,
625,1.0,0.2,,0.1,,,,0.2,,,,,0.01,,,,,,7.75,,,,,,,,
626,,,,,,,,,,,,,,,,,,,,,,,,,,,
627,1.0,,,,,,,,,,,,,,,,,,,,36.0,,,,,,
628,,,,,,,,,,,,,,,,,,,,,,,,,,,
629,,,,4.0,,17.0,,55.0,,,,,4.0,,,17.0,,3.0,,,,,,,,,
630,,,,,,,,,,,,,,,,,,,,,,,,,,,
631,,,,,,,,,,,,,,,,,,,,,,,,,,,
632,,,,,,,,,,,,,,,,,,,,,,,,,,,
633,,88.0,,,12.0,,,,,,,,,,,,,,,,,,,,,,
634,,,,,,,,,,,,,,,,,,,,,,,,,,,
635,,0.7,,1.1,5.0,29.0,0.15,,,,,,,,,,,,,,,,,,,,
636,,1.6,,1.6,,29.0,,,,,,,63.9,,,,,3.9,,,,,,,,,
637,,0.8,,0.8,5.0,38.0,,,,,,,,,,,,2.0,,,,,,,,,
638,,3.0,,3.0,3.0,30.0,10.0,,,,,,41.0,10.0,,,,,,,,,,,,,
639,,1.5,,0.6,0.3,5.5,0.9,,,,,,,,,,,,,,,,,,,,
640,,1.5,,0.6,0.5,6.0,0.9,,,,,,,,,,,,,,,,,,,,
641,,1.1,,0.4,0.3,0.3,,1.5,,,,,,,,,,1.4,,,,,,,,,
642,,0.8,,0.6,1.8,8.1,,,,,,,,,,,,4.2,,,,,,,,,
643,,0.7,,0.5,2.0,,0.15,,,,,,,,,,,,5.0,,,,,,,,
644,,0.6,,1.85,0.1,29.0,,,,,,,64.65,,,,,3.8,,,,,,,,,
645,,0.1,,4.2,0.8,14.2,,77.7,,,,,,,,,,3.0,,,,,,,,,
646,,0.7,,0.4,1.0,4.5,8.0,,,,1.5,,,,,2.0,,,,,,,,,,,
647,,0.3,,0.8,0.03,,4.0,17.0,,,,,67.87,,,,,,,10.0,,,,,,,
648,,0.5,,0.5,0.2,17.0,1.0,0.8,,,,,,,,,,,,,,,,,,,
649,,,,,,,,,0.015,0.015,,,,,,,,,,,,,,,,,
650,,,,,,,,,0.015,0.015,,,,,,,,,,,,,,,,,
651,0.1,0.4,,0.35,0.02,25.0,4.0,9.5,,,,0.25,,,,,,,,,,,,,,,
652,0.1,0.4,,0.35,0.02,25.0,4.0,9.5,,,,0.25,,,,,,,,,,,,,,,
653,,,,,,,,,,,,,,,,,,,,,,,,,,,
654,,0.8,,0.525,0.060000000000000005,25.5,5.0,9.0,0.03,0.02,,0.075,3.0,,,2.0,,0.015,,53.974999999999994,,,,,,,
655,,,,,,,,,,,,,,,,,,,,,,,,,,,
656,,,,,,,,,,,,,,,,,,,,,,,,,,,
657,,,,,,,,,,,,,,,,,,,,,,,,,,,
658,1.0,,,,,,,,,,,,,,,,,,,,,,,,,7.0,
659,,,,,0.03,,,,,,,0.015,,,,,,,,,,,,,,,
